"","log_growth_rt","annual_tmax","aet","pet","comp_number","micro","PICO","PIEN","ABLA"
"log_growth_rt",1,0.0259202672145077,0.0195492330643733,0.121532933636989,0.0177608212846816,-0.0288337236520958,0.107367408643058,-0.0133551824968942,-0.0823390764024127
"annual_tmax",0.0259202672145077,1,-0.252998072357043,0.0796244976584793,0.0919605143153916,0.104147876906948,0.281516243951955,-0.135105856356391,-0.000499335751329312
"aet",0.0195492330643733,-0.252998072357043,1,0.309286412220697,0.421228522874999,-0.236044418236036,0.310563478907163,0.161726840884348,0.346609968797
"pet",0.121532933636989,0.0796244976584793,0.309286412220697,1,-0.222258533245555,0.0429850363673134,-0.0274170114406774,-0.117791610743699,-0.180719001450609
"comp_number",0.0177608212846816,0.0919605143153916,0.421228522874999,-0.222258533245555,1,-0.249772923980408,0.467117766168946,0.388619320608685,0.590862270974327
"micro",-0.0288337236520958,0.104147876906948,-0.236044418236036,0.0429850363673134,-0.249772923980408,1,-0.12497853859833,-0.153079796044733,-0.195702734103735
"PICO",0.107367408643058,0.281516243951955,0.310563478907163,-0.0274170114406774,0.467117766168946,-0.12497853859833,1,0.0816849930199614,0.130952598975267
"PIEN",-0.0133551824968942,-0.135105856356391,0.161726840884348,-0.117791610743699,0.388619320608685,-0.153079796044733,0.0816849930199614,1,0.267408653754146
"ABLA",-0.0823390764024127,-0.000499335751329312,0.346609968797,-0.180719001450609,0.590862270974327,-0.195702734103735,0.130952598975267,0.267408653754146,1
